{
  "creat_booking" : {
    "transaction" : "creat_booking",
    "sampleCount" : 100,
    "errorCount" : 0,
    "errorPct" : 0.0,
    "meanResTime" : 268.6600000000001,
    "medianResTime" : 262.0,
    "minResTime" : 254.0,
    "maxResTime" : 407.0,
    "pct1ResTime" : 294.0,
    "pct2ResTime" : 300.95,
    "pct3ResTime" : 406.7399999999999,
    "throughput" : 10.703200256876805,
    "receivedKBytesPerSec" : 9.971954270576903,
    "sentKBytesPerSec" : 4.923054024403297
  },
  "pach_update_booking" : {
    "transaction" : "pach_update_booking",
    "sampleCount" : 100,
    "errorCount" : 0,
    "errorPct" : 0.0,
    "meanResTime" : 281.28999999999996,
    "medianResTime" : 264.0,
    "minResTime" : 258.0,
    "maxResTime" : 835.0,
    "pct1ResTime" : 286.8,
    "pct2ResTime" : 328.4499999999999,
    "pct3ResTime" : 834.8399999999999,
    "throughput" : 10.788650339842485,
    "receivedKBytesPerSec" : 9.698406651202934,
    "sentKBytesPerSec" : 3.824492259143381
  },
  "deletebooking" : {
    "transaction" : "deletebooking",
    "sampleCount" : 100,
    "errorCount" : 0,
    "errorPct" : 0.0,
    "meanResTime" : 279.21999999999997,
    "medianResTime" : 265.5,
    "minResTime" : 256.0,
    "maxResTime" : 809.0,
    "pct1ResTime" : 282.9,
    "pct2ResTime" : 295.95,
    "pct3ResTime" : 808.8699999999999,
    "throughput" : 10.77354018530489,
    "receivedKBytesPerSec" : 7.92276045033398,
    "sentKBytesPerSec" : 2.3987960568842923
  },
  "Total" : {
    "transaction" : "Total",
    "sampleCount" : 800,
    "errorCount" : 0,
    "errorPct" : 0.0,
    "meanResTime" : 380.0575,
    "medianResTime" : 265.0,
    "minResTime" : 254.0,
    "maxResTime" : 2041.0,
    "pct1ResTime" : 1031.0,
    "pct2ResTime" : 1046.9499999999998,
    "pct3ResTime" : 1411.010000000001,
    "throughput" : 63.51222610352493,
    "receivedKBytesPerSec" : 54.9591636233725,
    "sentKBytesPerSec" : 18.397767644490315
  },
  "getbooking" : {
    "transaction" : "getbooking",
    "sampleCount" : 100,
    "errorCount" : 0,
    "errorPct" : 0.0,
    "meanResTime" : 275.31000000000006,
    "medianResTime" : 263.0,
    "minResTime" : 255.0,
    "maxResTime" : 883.0,
    "pct1ResTime" : 294.0,
    "pct2ResTime" : 299.0,
    "pct3ResTime" : 877.7299999999973,
    "throughput" : 10.705491917353601,
    "receivedKBytesPerSec" : 9.658779172465476,
    "sentKBytesPerSec" : 1.7668243496413663
  },
  "update_getbooking" : {
    "transaction" : "update_getbooking",
    "sampleCount" : 100,
    "errorCount" : 0,
    "errorPct" : 0.0,
    "meanResTime" : 266.74,
    "medianResTime" : 263.0,
    "minResTime" : 255.0,
    "maxResTime" : 414.0,
    "pct1ResTime" : 277.0,
    "pct2ResTime" : 287.95,
    "pct3ResTime" : 412.96999999999946,
    "throughput" : 10.782833728703903,
    "receivedKBytesPerSec" : 9.69696867586802,
    "sentKBytesPerSec" : 1.7795887696786716
  },
  "pach_update_getbooking" : {
    "transaction" : "pach_update_getbooking",
    "sampleCount" : 100,
    "errorCount" : 0,
    "errorPct" : 0.0,
    "meanResTime" : 275.06,
    "medianResTime" : 261.5,
    "minResTime" : 255.0,
    "maxResTime" : 821.0,
    "pct1ResTime" : 272.9,
    "pct2ResTime" : 290.29999999999984,
    "pct3ResTime" : 820.7899999999998,
    "throughput" : 10.788650339842485,
    "receivedKBytesPerSec" : 9.697563787895135,
    "sentKBytesPerSec" : 1.7805487377279101
  },
  "update_booking" : {
    "transaction" : "update_booking",
    "sampleCount" : 100,
    "errorCount" : 0,
    "errorPct" : 0.0,
    "meanResTime" : 279.63999999999993,
    "medianResTime" : 266.5,
    "minResTime" : 258.0,
    "maxResTime" : 855.0,
    "pct1ResTime" : 303.9,
    "pct2ResTime" : 312.84999999999997,
    "pct3ResTime" : 850.2799999999976,
    "throughput" : 10.745755426606491,
    "receivedKBytesPerSec" : 9.653969885020418,
    "sentKBytesPerSec" : 5.813621588222652
  },
  "token" : {
    "transaction" : "token",
    "sampleCount" : 100,
    "errorCount" : 0,
    "errorPct" : 0.0,
    "meanResTime" : 1114.5400000000004,
    "medianResTime" : 1039.5,
    "minResTime" : 1020.0,
    "maxResTime" : 2041.0,
    "pct1ResTime" : 1214.2,
    "pct2ResTime" : 1627.1999999999998,
    "pct3ResTime" : 2038.8099999999988,
    "throughput" : 9.301460329271697,
    "receivedKBytesPerSec" : 7.04912624407032,
    "sentKBytesPerSec" : 2.270864338201098
  }
}